nta_id,cluster_id,market_type,demand_score,halal_supply_rate,gap_score,halal_cuisine_diversity,demand_per_capita,population,demand_ci_lo,demand_ci_hi,cluster_confidence,latent_demand_score,halal_cuisine_diversity_norm,total_restaurants,halal_restaurants
BK23,0,Low Demand,0.3301135473566187,0.0,0.3265632098075357,0.0,0.023833091991492892,148071.0,0.15908984076338198,0.45716623854629285,0.8596711376699063,0.21130273868639743,0.0,4,0
BK26,0,Low Demand,0.5461158045971203,0.0,0.4367675946598484,0.0,0.04669040399327742,148071.0,0.36342084362372007,0.6899842326626324,0.37544501513072154,0.12571086588985547,0.0,4,0
BK30,0,Low Demand,0.1605504668771648,0.0,0.15938167353740798,0.0,0.0,148071.0,0.010480741793785607,0.2056717652757185,0.6491162739957583,0.1039738826925153,0.0,34,0
BK32,0,Low Demand,0.38617680273509236,0.0,0.4539684830323135,0.0,0.11512494137699117,148071.0,0.28155342373345205,0.4574149643207169,0.1706422703261199,0.4028310443201571,0.0,55,0
BK35,0,Low Demand,0.36979638687210226,0.0,0.45271985266273107,0.0,0.1911908629193918,148071.0,0.290548181783965,0.42584073259271904,0.10835915530762606,0.4247004338936173,0.0,66,0
BK40,0,Low Demand,0.6333881622284144,0.0,0.5385998737707884,0.0,0.05957349694697804,148071.0,0.4564978716052034,0.7644938395329591,0.05110554601707815,0.2151019824390422,0.0,4,0
BK45,0,Low Demand,0.4870515209680988,0.0,0.4747411702888704,0.0,0.1772753571397827,148071.0,0.3657455224265403,0.5284414239610034,0.2830458899278967,0.2964577215028039,0.0,4,0
BK46,0,Low Demand,0.3505892741253655,0.0,0.3317899761654013,0.0,0.08467065075673623,148071.0,0.24490591121789318,0.4355414873048981,0.7973259284853398,0.19189651418376197,0.0,4,0
BK50,0,Low Demand,0.12748864887909742,0.0,0.21659739523658122,0.0,0.007672881590588298,148071.0,0.034043307617104356,0.20938740767920874,0.6725517801090527,0.27734468621208075,0.0,59,0
BK72,0,Low Demand,0.3392689900890376,0.0,0.3129598014153027,0.0,0.054633666725824995,148071.0,0.2150639296526296,0.43983755082624637,0.7763521417859689,0.16814053524447112,0.0,4,0
BK76,0,Low Demand,0.13702256630050957,0.0,0.287586417093027,0.0,0.1602881130928516,148071.0,0.14735625232397706,0.23522963758261847,0.41572469401954193,0.4166184626169245,0.0,137,0
BK81,0,Low Demand,0.5516419530819939,0.0,0.4383862148748072,0.0,0.04400333169982643,148071.0,0.36694414065956804,0.7042266967791746,0.3662293326838379,0.12092329779309186,0.0,53,0
BK82,0,Low Demand,0.10111390195249219,0.0,0.1859695325635456,0.0,0.02238199917607094,148071.0,0.06058238560667272,0.20294769736379328,0.6498682237911558,0.25064778168581214,0.0,90,0
BK85,0,Low Demand,0.4072048005284418,0.0,0.4054752383909706,0.0,0.013739680745460184,148071.0,0.17311326321204834,0.6007740195934201,0.657879049328302,0.26638080968815714,0.0,4,0
BK88,0,Low Demand,0.3648996669839032,0.0,0.4080999382183759,0.0,0.5124614222147995,148071.0,0.3145080881702485,0.3979250930892771,0.5882789429084602,0.33551667478969377,0.0,54,0
BK90,0,Low Demand,0.22976093672460915,0.0,0.3157246848308589,0.0,0.13320534613740054,148071.0,0.19280750114078482,0.31527958047876253,0.6988449656570852,0.3383840473315202,0.0,4,0
BK91,0,Low Demand,0.023617308595420727,0.0,0.1149795170955357,0.0,0.004879415955859013,148071.0,0.0131978770735758,0.11053921964112778,0.5567104255373876,0.21331586964715252,0.0,49,0
BK95,0,Low Demand,0.04319994667199886,0.0,0.10017061931853682,0.0,0.0,148071.0,0.005004602450144967,0.10384949805339538,0.5731848133255754,0.15190496835298634,0.0,4,0
BK96,0,Low Demand,0.37831355134958916,0.0,0.3132174912436585,0.0,0.021510440776082666,148071.0,0.18195355593371218,0.5276570123954578,0.6470649074254666,0.11013116864795172,0.0,4,0
BX14,0,Low Demand,0.4151187915293519,0.0,0.3534434424550815,0.0,0.04340322511307409,148071.0,0.2515762704501969,0.5354829173104974,0.6295786309075072,0.14194643278134023,0.0,22,0
BX34,0,Low Demand,0.6476619390684262,0.0,0.5504853100173615,0.0,0.14284931492769437,148071.0,0.4799564788500608,0.6839891320114702,0.0036974686895412247,0.2194037681198023,0.0,142,0
BX36,0,Low Demand,0.11690771142896257,0.0,0.136956017189436,0.0,0.0,148071.0,0.008071900880671112,0.16232235993170813,0.6293540769350807,0.12092329779309186,0.0,48,0
BX41,0,Low Demand,0.3933118292675766,0.0,0.27270928095593205,0.0,0.0,148071.0,0.051316701949486204,0.6837722339831621,0.5165300006975653,0.0,0.0,46,0
BX63,0,Low Demand,0.3423095458597251,0.0,0.3191934931456558,0.0,0.06437223291295378,148071.0,0.2258664533903188,0.4371417769970934,0.7871129953619496,0.17706540707466914,0.0,55,0
MN01,0,Low Demand,0.28940359650883346,0.008547008547008548,0.2509526108771998,1.0,0.13267023185286295,60978.0,0.18588264959951437,0.38827765513546647,0.43540654066995943,0.2512450301650055,0.2,117,1
MN04,0,Low Demand,0.03197604006577315,0.019230769230769232,0.020115254553904813,1.0,0.14588139731969343,101256.0,0.0816508961506506,0.15101726266884766,0.17300994150575058,0.31606525279597514,0.2,52,1
MN06,0,Low Demand,0.035002959959577036,0.0,0.17598608721632522,0.0,0.022183468922802676,147748.0,0.0417144824258618,0.14403365960600029,0.4911297396554665,0.32821643053889954,0.0,4,0
MN09,0,Low Demand,0.3401515668762906,0.0,0.44703450221457486,0.0,0.4257570201120374,110193.0,0.2871599906076805,0.3886958629723069,0.048217108814600944,0.4568682167785679,0.0,4,0
MN21,0,Low Demand,0.3411198851405583,0.0,0.4046997063750443,0.0,0.24150474081732898,148071.0,0.2799854825619316,0.39580286270121445,0.5256250133439333,0.3638304295517734,0.0,4,0
MN33,0,Low Demand,0.2878420277824282,0.0,0.37793177479942225,0.0,0.20870895320396496,148071.0,0.24245697776883077,0.3555118418410568,0.5218043998446005,0.3858386026322729,0.0,105,0
MN34,0,Low Demand,0.12226212862981546,0.0,0.19676644661194317,0.0,0.06795121211474801,148071.0,0.11144883404805363,0.22815437807710653,0.6857406694976229,0.24228302964740472,0.0,33,0
MN36,0,Low Demand,0.23877531524492362,0.0,0.3390121107927818,0.0,0.18274780882289315,148071.0,0.20888101257237177,0.3175268619515047,0.5876375321365958,0.37524151361936764,0.0,60,0
MN99,0,Low Demand,0.20690623231686625,0.0,0.32399933844276957,0.0,0.047882201092204923,148071.0,0.13598617754466538,0.3080686155794019,0.525775250725472,0.3905671401890299,0.0,4,0
QN01,0,Low Demand,0.11091374379815906,0.0,0.17328968167062828,0.0,0.0024218039581247065,191105.0,0.017364040698823226,0.1768202025507337,0.6707775056454908,0.20851696487295404,0.0,91,0
QN03,0,Low Demand,0.04128858520600729,0.0,0.1104756168351234,0.0,0.007751945762456864,171414.0,0.023090589638475337,0.1342722670933255,0.5772179765533108,0.17706540707466914,0.0,4,0
QN08,0,Low Demand,0.3696404068633889,0.0,0.39461172466755223,0.0,0.057229629319087295,148071.0,0.23665888399951868,0.47010543546485517,0.7007307612424095,0.29922573328323654,0.0,26,0
QN12,0,Low Demand,0.20308828049208982,0.0,0.2992707550960764,0.0,0.011119228200745108,227237.0,0.0822760517360843,0.30414316047293594,0.6625272075709018,0.3427972948212011,0.0,30,0
QN19,0,Low Demand,0.10489014108815328,0.0,0.13083646195299448,0.0,0.0,148071.0,0.007497503559252756,0.15165710175592792,0.6218462770618481,0.12571086588985547,0.0,4,0
QN21,0,Low Demand,0.3585080544625918,0.0,0.39201245604539336,0.0,0.09833577475692139,148071.0,0.25690141526363713,0.43771314693938046,0.6966996505939703,0.3103011138953598,0.0,23,0
QN38,0,Low Demand,0.35519436697604345,0.0,0.4188969554669022,0.0,0.13304805058838162,148071.0,0.26779050150116307,0.4244935942201243,0.44432339183285613,0.3734324360378618,0.0,30,0
QN50,0,Low Demand,0.29138194601569456,0.0,0.40450846136234675,0.0,0.03632994823230668,148071.0,0.1637785593337348,0.39975734237535876,0.2890563455369347,0.4380236068534776,0.0,4,0
QN57,0,Low Demand,0.09387403494241144,0.0,0.12525854040928583,0.0,0.0,148071.0,0.006999423503975048,0.1423041014091059,0.614307523079747,0.1301679851556462,0.0,26,0
QN62,0,Low Demand,0.09387403494241144,0.0,0.12525854040928583,0.0,0.0,148071.0,0.006999423503975048,0.1423041014091059,0.614307523079747,0.1301679851556462,0.0,4,0
QN76,0,Low Demand,0.12880995918923244,0.0,0.23952578418920345,0.0,0.0277338779705864,148071.0,0.07795880913538362,0.23158720820245424,0.6106578678576656,0.3249650293087837,0.0,9,0
QN98,0,Low Demand,0.2923991084012819,0.018867924528301886,0.13723584116390886,1.0,0.05102877911907921,148071.0,0.18382839065111556,0.39298822760638585,0.37985250706809454,0.17275697051109867,0.2,53,1
SI05,0,Low Demand,0.528767753165599,0.01282051282051282,0.3647674818752662,1.0,0.0480212440870798,148071.0,0.34824488418985877,0.6651706317774464,0.14434951960087644,0.20964615275243514,0.2,78,1
SI08,0,Low Demand,0.2364028938107476,0.0,0.2845047268072408,0.0,0.02848846941955409,148071.0,0.1224192917228324,0.3421374590934541,0.8802265665785557,0.2608811727045429,0.0,4,0
SI11,0,Low Demand,0.5975588201543078,0.0,0.4744967412011857,0.0,0.05561719794995009,148071.0,0.4185178815607856,0.7313841201731328,0.27185532209157226,0.1301679851556462,0.0,41,0
SI24,0,Low Demand,0.06574079492214109,0.0,0.11718887999821573,0.0,0.004147503562480161,148071.0,0.015695698465137943,0.1413227449603534,0.5982333062318994,0.15491028257549097,0.0,4,0
SI28,0,Low Demand,0.4528364579409417,0.0,0.44843973227601597,0.0,0.08471298744997928,148071.0,0.3130091384555125,0.5356096879176087,0.44146070647031666,0.29088089556392366,0.0,31,0
SI37,0,Low Demand,0.492260113737192,0.0,0.4142505517418533,0.0,0.06797917178000203,148071.0,0.33233972577182286,0.5912790902535299,0.48200949926920217,0.15778198226101992,0.0,23,0
BK28,1,Growing Market,0.5263723866008301,0.0136986301369863,0.42319040373805245,1.0,0.24655868850581103,148071.0,0.4030749405314785,0.5467778842184863,0.22124777863240147,0.35426417359266954,0.2,146,2
BK33,1,Growing Market,0.2494309293806738,0.02631578947368421,0.18455480232744212,1.0,0.21472552737583933,148071.0,0.22020156608342728,0.32349812356288066,0.5018485654993842,0.46370816411253596,0.2,76,2
BK34,1,Growing Market,0.0,0.017142857142857144,0.0,2.0,0.01825337432957274,148071.0,0.028985196084236237,0.11253460622198692,0.02117998247373098,0.27734351058102236,0.4,175,3
BK37,1,Growing Market,0.43882903424654396,0.005555555555555556,0.4993522599709464,1.0,0.6079221678647824,148071.0,0.3661747279346683,0.4504641560255976,0.28593421686232734,0.5146266364495876,0.2,180,1
BK38,1,Growing Market,0.3511443962579049,0.029239766081871343,0.24017334429846818,3.0,0.5969595913084431,148071.0,0.30880522909522506,0.38467161580705034,0.40397491025368637,0.480193712602286,0.6,342,10
BK61,1,Growing Market,0.6399364948102251,0.014084507042253521,0.5934571665913313,2.0,0.6303988075068098,148071.0,0.5028967911401985,0.6002780244580599,0.2788995335078557,0.5586972186695257,0.4,142,2
BK64,1,Growing Market,0.4145176962371758,0.007518796992481203,0.4788426249449633,1.0,0.2598871603745177,148071.0,0.3292724731016667,0.4534827067532631,0.35960532512174165,0.5394446556357623,0.2,133,1
BK69,1,Growing Market,0.3490235765997498,0.013157894736842105,0.32357102321546666,1.0,0.29723114792047894,148071.0,0.29103128888028673,0.397198116415354,0.4098497345008292,0.3957627703006124,0.2,76,1
BK73,1,Growing Market,0.36415548700094924,0.010452961672473868,0.3925655635640229,2.0,0.7743026298592051,148071.0,0.3220302010140266,0.390054529749649,0.7285050321017198,0.47724256241450547,0.4,287,3
BK77,1,Growing Market,0.22074984658006136,0.008,0.3016072142933984,1.0,0.17496001273061756,148071.0,0.19698507230149115,0.3032990772199503,0.2718626449557308,0.4546928761984773,0.2,125,1
BK78,1,Growing Market,0.24812318029671457,0.011111111111111112,0.2590752771496885,1.0,0.16706434631690645,148071.0,0.21140491209612922,0.3268902143912134,0.05955351034891583,0.37347293047133034,0.2,90,1
BK79,1,Growing Market,0.36596096652631216,0.03125,0.1896257466028322,1.0,0.05905468453529517,148071.0,0.23602805827255566,0.46488118896380815,0.48253087815667234,0.382120217235826,0.2,32,1
BK83,1,Growing Market,0.6190970742233255,0.05,0.38100416255922304,1.0,0.12247506050592266,148071.0,0.45350934526176523,0.6704298079793313,0.06411248342827926,0.7289360402593458,0.2,60,3
MN12,1,Growing Market,0.3653835212820931,0.02030456852791878,0.34527045996690225,1.0,0.7422031377909585,190020.0,0.3262640446022731,0.3877809677775051,0.6043594254829272,0.5372777283878983,0.2,197,4
MN13,1,Growing Market,0.4089196643031852,0.01107011070110701,0.4658898855557746,2.0,0.9291869118778063,148071.0,0.35427250363261803,0.4202200896535083,0.6068862950434373,0.5790088558520725,0.4,271,3
MN15,1,Growing Market,0.36632991041548096,0.010273972602739725,0.395710762766796,2.0,0.8090843278473019,148071.0,0.32419860822497704,0.39096856484174664,0.7265642203935914,0.47780196728698904,0.4,292,3
MN17,1,Growing Market,0.4479735480913342,0.004043126684636119,0.5551036322927642,3.0,2.291776638331082,148071.0,0.39207856347131154,0.43610278181622314,0.4167329587394845,0.5963128827420048,0.6,742,3
MN19,1,Growing Market,0.38553877877367543,0.011204481792717087,0.4122609468917024,2.0,0.839662879401482,148071.0,0.3373128118762615,0.40461196960467904,0.73195639411333,0.5003011207918933,0.4,357,4
MN20,1,Growing Market,0.4311761911944355,0.011560693641618497,0.4650317283847622,2.0,0.5372838901502807,148071.0,0.3585866222633515,0.44739434506510356,0.6459652083984585,0.5519439468669889,0.4,173,2
MN23,1,Growing Market,0.41504708582158406,0.016483516483516484,0.41755327677819487,2.0,1.1959142097795066,148071.0,0.3621772198070909,0.42079805167300843,0.6962113782775242,0.5554717747534013,0.4,182,3
MN24,1,Growing Market,0.22413966491204165,0.011811023622047244,0.28691927818435564,4.0,0.3868108108451336,148071.0,0.22008256448532515,0.2942812952942362,0.30372138038297036,0.48134994825379157,0.8,508,6
MN25,1,Growing Market,0.4338833110990731,0.004347826086956522,0.5444057917662773,1.0,0.9575732809663482,148071.0,0.37115749470584863,0.43807705185686446,0.1367504759811587,0.599383305098977,0.2,230,1
MN27,1,Growing Market,0.37994492315894324,0.018691588785046728,0.3332070975916867,2.0,0.5800867291983435,148071.0,0.3268038403057358,0.40696391474914856,0.8100612442728994,0.46245526104312523,0.4,214,4
MN31,1,Growing Market,0.5320177881753684,0.025157232704402517,0.4305866548157118,2.0,0.6051531306737694,148071.0,0.42816846229207356,0.520697359906565,0.5608835285943015,0.5527735179796106,0.4,159,4
MN32,1,Growing Market,0.2578426553149389,0.006211180124223602,0.34757009332644007,1.0,0.2216380975375626,148071.0,0.2261861241754761,0.3297925956839816,0.34753762010556655,0.4686741503237004,0.2,161,1
QN07,1,Growing Market,0.23425149042446286,0.05555555555555555,0.0,1.0,0.020044650514981124,248326.0,0.13052681805741298,0.3386670743952664,0.29905525684390494,0.39816254093198,0.2,18,1
QN15,1,Growing Market,0.42073380847161646,0.04,0.08525959472143564,1.0,0.030752950299925672,148071.0,0.23500684374953076,0.5653459846781551,0.06575718718194176,0.2200129612903872,0.2,25,1
QN17,1,Growing Market,0.7292050519106005,0.01904761904761905,0.6236496522997139,2.0,0.9001782548209537,148071.0,0.5708367977054007,0.655112965569427,0.142791866194306,0.5728300652153528,0.4,105,2
QN28,1,Growing Market,0.43248616281491375,0.035897435897435895,0.23662998333496926,3.0,0.5385375053607355,148071.0,0.3594960646977081,0.4483371400598842,0.2174958246517233,0.4614766688613037,0.6,195,7
QN29,1,Growing Market,0.3665224169665069,0.007936507936507936,0.3828416849133647,1.0,0.46815117481121654,148071.0,0.31356810477074015,0.4009630540090608,0.3919222152643437,0.41071504336219067,0.2,126,1
QN31,1,Growing Market,0.37025176224720274,0.023809523809523808,0.31696384424394963,2.0,0.8518869728355607,148071.0,0.32761502142117677,0.3930641960429551,0.7652868841865299,0.5271539510266666,0.4,210,5
QN37,1,Growing Market,0.6942448111886294,0.04,0.4154924710033287,1.0,0.44337594474028297,148071.0,0.5353865356314708,0.6540754125200285,0.059696185395710054,0.5241583184436378,0.2,25,1
QN41,1,Growing Market,0.5354803784761076,0.03225806451612903,0.3419540701786794,1.0,0.2821792982495822,148071.0,0.41305052044665946,0.5485442890804548,0.3859116943765674,0.47418283809276196,0.2,31,1
QN55,1,Growing Market,0.504439034814834,0.00980392156862745,0.47725661171588574,1.0,0.607394886211532,148071.0,0.4096998561986499,0.4998712746361263,0.2337072048038314,0.4392169433176668,0.2,102,1
QN60,1,Growing Market,0.4286547569386303,0.04,0.18279546154314183,1.0,0.11544073860199723,148071.0,0.30975844422159066,0.4963175069493008,0.5033938620728938,0.41913651464553836,0.2,25,1
QN63,1,Growing Market,0.322013197563565,0.009523809523809525,0.3259577115644333,1.0,0.11159024835807622,148071.0,0.23991085363994427,0.400197747432441,0.21647897949280032,0.380873512772772,0.2,105,1
QN71,1,Growing Market,0.41419916461972855,0.0425531914893617,0.10234220588614189,2.0,0.19374009172607953,148071.0,0.31971045635090795,0.46279003759040355,0.3086503280940421,0.3093239182775564,0.4,47,2
SI01,1,Growing Market,0.34206404648509975,0.023809523809523808,0.38873673502416706,1.0,0.023088431013734947,175756.0,0.17498677809686755,0.4679828730668739,0.27080128163386735,0.7247059661394182,0.2,42,1
SI22,1,Growing Market,0.29948566263969245,0.01694915254237288,0.23664250701059808,1.0,0.048044315817814924,148071.0,0.1844502740505839,0.401877533602316,0.1310585786114027,0.3451997897308242,0.2,59,1
BK19,2,Established Hub,0.6646029857418384,0.07042253521126761,0.15410227952722416,2.0,0.28672265413961723,148071.0,0.5060642565386486,0.6518197574567137,0.703207005228699,0.5101828064918692,0.4,71,5
BK29,2,Established Hub,0.5988620593382075,0.05,0.18629361485439286,2.0,0.2127706578824159,148071.0,0.4509926138403465,0.6142779708611124,0.19965259956933795,0.3380599848849664,0.4,80,4
BK31,2,Established Hub,0.6116607201991346,0.07258064516129033,0.1212721487650576,3.0,1.3309013415955757,148071.0,0.49512617581013774,0.5611713048122429,0.7837570595010174,0.5545413852584448,0.6,124,9
BK41,2,Established Hub,0.810045521048644,0.15,0.0,5.0,0.34672372421567427,148071.0,0.6197643329306723,0.7554305320793655,0.41031755389740865,0.4207718928472904,1.0,60,9
BK43,2,Established Hub,0.4523193074559754,0.0967741935483871,0.0,2.0,0.5547025279284541,148071.0,0.3731791215095715,0.46270861578749894,0.5278313318240127,0.3504045347806022,0.4,62,6
BK44,2,Established Hub,0.607043375039303,0.08771929824561403,0.0,2.0,0.3881782667634333,148071.0,0.47061086894267573,0.5923750593350264,0.7135848558827484,0.5086943743564866,0.4,57,5
MN22,2,Established Hub,0.3856762039269121,0.029177718832891247,0.28806063116015357,5.0,1.0581005209567689,148071.0,0.3411125954311098,0.40114356522817607,0.0314727867988099,0.5309592147490707,1.0,377,11
QN05,2,Established Hub,0.6873354742309443,0.05555555555555555,0.2296594947415837,1.0,0.14502194365489718,170338.0,0.5148767377548442,0.7067016836234193,0.14330516457147577,0.3917583686624155,0.2,18,1
QN43,2,Established Hub,0.8884590128779318,0.06666666666666667,0.369441231861477,1.0,0.3239919035174809,148071.0,0.6836153004161374,0.819858780914475,0.32117641367575567,0.5776561540017173,0.2,15,1
QN61,2,Established Hub,0.5158085822314181,0.078125,0.0,2.0,0.8419781368719211,148071.0,0.42337440991732145,0.5008086118404347,0.6373773525406794,0.5250065695125966,0.4,128,10
QN70,2,Established Hub,0.5668110529501426,0.08080808080808081,0.03272949860166011,5.0,2.1775044354180224,148071.0,0.47096586931150314,0.521141352007058,0.46098939244986153,0.567390382723579,1.0,198,16
QN72,2,Established Hub,0.7125105474039111,0.043478260869565216,0.3407388204415802,3.0,0.4013047500624959,148071.0,0.547144062057814,0.672525917361418,0.35668943379190365,0.3930118372881958,0.6,69,3
SI36,2,Established Hub,0.6502840485549854,0.0975609756097561,0.0,2.0,0.169484063324246,148071.0,0.48520272580407303,0.6730352912108419,0.6642301688260279,0.41913651464553836,0.4,41,4
BK09,3,High Opportunity,0.5641099459735646,0.0,0.6905177648878112,0.0,0.6230148666629478,96213.0,0.4415912778442529,0.5574633928390265,0.6145410344580495,0.6476720580822696,0.0,4,0
BK17,3,High Opportunity,0.463509263463585,0.0,0.5027200329762077,0.0,0.20647625367287575,156715.0,0.3564414652794933,0.49969896749835613,0.1728378108148736,0.3922993979545893,0.0,4,0
BK21,3,High Opportunity,0.4870325124750719,0.0,0.6932238647202489,0.0,0.016641509816236806,148071.0,0.2594747558771003,0.7310342810006131,0.34031180762615676,0.7691424704486969,0.0,31,0
BK25,3,High Opportunity,0.5939475108822565,0.0,0.6257412254844954,0.0,0.7935808222320464,148071.0,0.4751740844042518,0.5597496412109622,0.8288870241033208,0.4627808804136669,0.0,4,0
BK27,3,High Opportunity,0.6149994810235557,0.0,0.5624179837733725,0.0,0.2642171475404381,148071.0,0.4678971267858967,0.6160075054659508,0.18822362966087508,0.2942120977613095,0.0,4,0
BK42,3,High Opportunity,0.6144385857758119,0.014705882352941176,0.5913672705819222,1.0,1.1577579677268646,148071.0,0.4950549913221728,0.5659741581976725,0.1863567627854886,0.6027791446135429,0.2,136,2
BK58,3,High Opportunity,1.0,0.0,0.8029448739825326,0.0,0.32944628587563396,148071.0,0.7813390568370324,0.9010624383620378,0.2699696204122536,0.23705703788346325,0.0,81,0
BK60,3,High Opportunity,0.6267680711896088,0.0,0.6821387683574991,0.0,0.3301544689140505,148071.0,0.48123546772461906,0.6147059059022606,0.9128146004351964,0.5355581029482767,0.0,86,0
BK63,3,High Opportunity,0.4687013029883168,0.0,0.551998343148775,0.0,0.2668281521787625,148071.0,0.3659350715955564,0.4966082301359696,0.5966783395155845,0.4911179542321418,0.0,4,0
BK68,3,High Opportunity,0.6038242148491115,0.0,0.7485736533619277,0.0,0.21785787195654455,148071.0,0.4552245036964635,0.6171132145559033,0.5085654343254206,0.7136963126182266,0.0,4,0
BK75,3,High Opportunity,0.45418360437763006,0.0,0.5893119786924087,0.0,0.3560126747681942,148071.0,0.36409809971442664,0.47574487630974743,0.5220759936008508,0.5936172458013029,0.0,4,0
BX26,3,High Opportunity,0.42117836024385674,0.0,0.48417547052533294,0.0,0.0,0.0,0.14255931671003072,0.6795394162781817,0.10057766453243538,0.4156772293792211,0.0,4,0
BX29,3,High Opportunity,0.7817163883749871,0.0,0.7382576004828947,0.0,0.16689015199128615,148071.0,0.596269492595342,0.7888597804820905,0.5967794305770623,0.42454073910238826,0.0,67,0
BX39,3,High Opportunity,0.5817683065141892,0.0,0.5884901760643513,0.0,0.09138860720060965,148071.0,0.4154030934982594,0.6597637239554919,0.5897275111312774,0.40046233948964,0.0,44,0
MN03,3,High Opportunity,0.4446122823387644,0.0,0.5288881683823418,0.0,0.14602710063848234,163277.0,0.3334303930526317,0.4959216861962559,0.478452410293839,0.4772559088904518,0.0,35,0
MN11,3,High Opportunity,0.39894194290072116,0.0,0.5245570554963342,0.0,0.274998350816945,120511.0,0.3145181382969469,0.44532246142255494,0.4047991432878084,0.5363916713011532,0.0,111,0
MN14,3,High Opportunity,0.6540133090203538,0.011627906976744186,0.6650013725087672,1.0,0.4361353806802888,148071.0,0.5061952825507001,0.6239887452775279,0.2661232903824356,0.651414377222322,0.2,86,1
MN28,3,High Opportunity,0.5388187650526586,0.0,0.5953555192353929,0.0,0.286882015304036,148071.0,0.415797965741527,0.5505633901130662,0.7801000582146153,0.4797388452249296,0.0,4,0
MN35,3,High Opportunity,0.4094004852053962,0.0,0.6010658095103046,0.0,0.18926812026168388,148071.0,0.31577048653338674,0.45954795329277465,0.3307459959401486,0.6862196658727663,0.0,86,0
MN40,3,High Opportunity,0.5977226099707609,0.0,0.677434811401262,0.0,0.4284081736646919,148071.0,0.46614198574432564,0.5814106726183109,0.8354977942409969,0.5689499529111289,0.0,37,0
QN02,3,High Opportunity,0.540151914909483,0.0,0.666870720832752,0.0,0.04348071581261355,113004.0,0.34642174626935957,0.7254417241034161,0.6213358355894789,0.6324520880114238,0.0,46,0
QN06,3,High Opportunity,0.602568975247251,0.0,0.5909042461335992,0.0,0.282882213382949,111988.0,0.4538614052441969,0.6170812092048242,0.508836993861475,0.37448383364933235,0.0,4,0
QN18,3,High Opportunity,0.4920355161695447,0.0,0.5761323900345414,0.0,0.27178339770125765,148071.0,0.3822151721223309,0.5148659011719824,0.6784107806405405,0.5083272124886515,0.0,53,0
QN20,3,High Opportunity,0.5771768175342984,0.0,0.5719070628289232,0.0,0.31773438054820985,148071.0,0.44512919477924745,0.577049592264535,0.45457939036766737,0.3714743659695561,0.0,144,0
QN25,3,High Opportunity,0.7373904819440963,0.0,0.8953026989763908,0.0,0.05867814659811878,148071.0,0.5857836144682762,0.886848751018784,0.3713761409536957,0.8307743339634655,0.0,4,0
QN30,3,High Opportunity,0.7888700778246986,0.0,0.7617885041301179,0.0,0.11164832246291694,148071.0,0.6116613525542902,0.8406152926106726,0.6264342678443713,0.4647159683402368,0.0,39,0
QN33,3,High Opportunity,0.932631612129773,0.0,0.8459087403526235,0.0,0.0976408794172762,148071.0,0.8162404702593021,0.980433041384706,0.461267102656159,0.4310558341439631,0.0,18,0
QN34,3,High Opportunity,0.5963235765883945,0.0,0.5828610629714672,0.0,0.22239705888340797,148071.0,0.4502141104803659,0.6097029108352534,0.46559938556926544,0.3664516487894688,0.0,44,0
QN35,3,High Opportunity,0.5742485350747423,0.0,0.6034438521512003,0.0,0.4210117668321063,148071.0,0.4494605323068043,0.5639270437296819,0.7489349979718536,0.44409214811070974,0.0,4,0
QN42,3,High Opportunity,0.621886786396475,0.0,0.5973804214943015,0.0,0.15536944670165362,148071.0,0.4610109272798006,0.6543338799784958,0.47049544387959674,0.3595174012593127,0.0,26,0
QN44,3,High Opportunity,0.9850149020708241,0.0,0.9691742317392393,0.0,0.34062422447202,148071.0,0.7667183149559964,0.887871640891244,0.42949301988639865,0.6191482586978907,0.0,21,0
QN53,3,High Opportunity,0.543890792734225,0.0,0.5457035621303908,0.0,0.1305957929095849,148071.0,0.3964112315891608,0.5957452360445257,0.3392807616594446,0.3647158561406777,0.0,65,0
QN54,3,High Opportunity,0.4142883623681051,0.0,0.5257734844866225,0.0,0.18057504684253703,148071.0,0.3173435062396676,0.465352187374758,0.44652548939033976,0.5160036132167658,0.0,52,0
QN56,3,High Opportunity,0.7391809421026736,0.0,0.672070802720035,0.0,0.16221835702170279,148071.0,0.5585730601035573,0.7545544441435282,0.4708322777096825,0.34515818481515453,0.0,32,0
QN68,3,High Opportunity,0.48734507329643517,0.0,0.5199517894480593,0.0,0.28748155359749383,148071.0,0.3805962887930265,0.5090316629809658,0.2927439289786028,0.39382413758545237,0.0,4,0
SI07,3,High Opportunity,0.662873328597924,0.0,0.6211022015714628,0.0,0.3541670938719327,148071.0,0.5087183722510399,0.6398711628444674,0.4666887310755971,0.3493562853787671,0.0,4,0
SI12,3,High Opportunity,0.5501621392057167,0.0,0.6454757166817603,0.0,0.20057545264256646,148071.0,0.41402569380280985,0.5763463254050701,0.7726346041095832,0.5711517029413883,0.0,20,0
SI14,3,High Opportunity,0.775571851541788,0.0,1.0,0.0,0.06666927483319281,148071.0,0.6290382286884708,0.9054780511852276,0.24696309827191293,1.0,0.0,4,0
SI35,3,High Opportunity,0.7258117234483172,0.0,0.8527495533476065,0.0,0.049413071622402036,148071.0,0.5847507105343763,0.9048994260221863,0.45595804243359944,0.7560847931619844,0.0,4,0
SI45,3,High Opportunity,0.5893903629889133,0.018867924528301886,0.5214090050893124,1.0,0.12362569728601396,148071.0,0.4297956302471024,0.6418280356463776,0.012624781157355245,0.5583740906424931,0.2,53,1
SI54,3,High Opportunity,0.5707269918239078,0.0,0.6262817992536821,0.0,0.13328614751564402,148071.0,0.41736363016127975,0.6190188508048489,0.8864096336766482,0.4987811134689711,0.0,24,0
