nta_id,cluster_id,market_type,demand_score,halal_supply_rate,gap_score,halal_cuisine_diversity,demand_per_capita,population,demand_ci_lo,demand_ci_hi,cluster_confidence,latent_demand_score,halal_cuisine_diversity_norm,total_restaurants,halal_restaurants,critical_rate,grade_a_rate,inspection_frequency,viability_score,risk_bucket,final_score,similar_ntas,rank
QN44,3,High Opportunity,0.985014902070824,0.0,0.9691742317392392,0.0,0.34062422447202,148071.0,0.7667183149559964,0.887871640891244,0.4294930198863986,0.6191482586978907,0.0,21,0,0.38333333333333336,0.4166666666666667,2.857142857142857,0.32467546829714355,High,0.8466107471834541,"QN33,SI35,SI07",1
SI14,3,High Opportunity,0.775571851541788,0.0,1.0,0.0,0.0666692748331928,148071.0,0.6290382286884708,0.9054780511852276,0.2469630982719129,1.0,0.0,4,0,0.0,0.0,1.0,0.2855842660393672,High,0.7673455938245887,"QN25,SI35,BK68",2
QN33,3,High Opportunity,0.932631612129773,0.0,0.8459087403526235,0.0,0.0976408794172762,148071.0,0.8162404702593021,0.980433041384706,0.461267102656159,0.4310558341439631,0.0,18,0,0.4567901234567901,0.3333333333333333,4.5,0.2155896798280045,High,0.7545340769585596,"BX29,QN44,MN14",3
BK58,3,High Opportunity,1.0,0.0,0.8029448739825326,0.0,0.3294462858756339,148071.0,0.7813390568370324,0.9010624383620378,0.2699696204122536,0.2370570378834632,0.0,81,0,0.5362318840579711,0.24057971014492754,4.2592592592592595,0.09573665565804892,High,0.7403252807246229,"QN56,BX29,QN30",4
QN25,3,High Opportunity,0.7373904819440963,0.0,0.8953026989763908,0.0,0.0586781465981187,148071.0,0.5857836144682762,0.886848751018784,0.3713761409536957,0.8307743339634655,0.0,4,0,0.0,0.0,1.0,0.2855842660393672,High,0.7101941255760682,"SI35,SI14,BK68",5
SI35,3,High Opportunity,0.7258117234483172,0.0,0.8527495533476065,0.0,0.049413071622402,148071.0,0.5847507105343763,0.9048994260221864,0.4559580424335994,0.7560847931619844,0.0,4,0,0.0,0.0,1.0,0.2855842660393672,High,0.688541363926243,"QN25,SI14,BK68",6
QN30,3,High Opportunity,0.7888700778246986,0.0,0.7617885041301179,0.0,0.1116483224629169,148071.0,0.6116613525542902,0.8406152926106726,0.6264342678443713,0.4647159683402368,0.0,39,0,0.5490196078431373,0.2679738562091503,3.923076923076923,0.10668135475398527,High,0.6415997037327238,"QN56,BX29,BK58",7
BX29,3,High Opportunity,0.7817163883749871,0.0,0.7382576004828947,0.0,0.1668901519912861,148071.0,0.596269492595342,0.7888597804820905,0.5967794305770623,0.4245407391023882,0.0,67,0,0.5578512396694215,0.33884297520661155,3.611940298507463,0.15135388702761848,High,0.6382603729486764,"QN30,QN56,BK58",8
BK68,3,High Opportunity,0.6038242148491115,0.0,0.7485736533619277,0.0,0.2178578719565445,148071.0,0.4552245036964635,0.6171132145559033,0.5085654343254206,0.7136963126182266,0.0,4,0,0.0,0.0,1.0,0.2855842660393672,High,0.5980760004922892,"BK09,QN25,SI35",9
QN56,3,High Opportunity,0.7391809421026736,0.0,0.672070802720035,0.0,0.1622183570217027,148071.0,0.5585730601035573,0.7545544441435282,0.4708322777096825,0.3451581848151545,0.0,32,0,0.5285714285714286,0.2785714285714286,4.375,0.12804598764186542,High,0.5901098954574565,"QN30,BX29,BK58",10
SI07,3,High Opportunity,0.662873328597924,0.0,0.6211022015714628,0.0,0.3541670938719327,148071.0,0.5087183722510399,0.6398711628444674,0.4666887310755971,0.3493562853787671,0.0,4,0,0.0,0.0,1.0,0.2855842660393672,High,0.5707070652756282,"BK27,QN06,BK40",11
MN14,3,High Opportunity,0.6540133090203538,0.0116279069767441,0.6650013725087672,1.0,0.4361353806802888,148071.0,0.5061952825507001,0.6239887452775279,0.2661232903824356,0.651414377222322,0.2,86,1,0.47249190938511326,0.343042071197411,3.5930232558139537,0.21193393006326397,High,0.5699926586243012,"QN33,QN44,SI14",12
QN17,1,Growing Market,0.7292050519106005,0.019047619047619,0.6236496522997139,2.0,0.9001782548209537,148071.0,0.5708367977054007,0.655112965569427,0.142791866194306,0.5728300652153528,0.4,105,2,0.5236051502145923,0.2918454935622318,4.438095238095238,0.14087925015234035,High,0.5693177317145939,"BK61,BK42,SI45",13
BK09,3,High Opportunity,0.5641099459735646,0.0,0.6905177648878112,0.0,0.6230148666629478,96213.0,0.4415912778442529,0.5574633928390265,0.6145410344580495,0.6476720580822696,0.0,4,0,0.0,0.0,1.0,0.2855842660393672,High,0.5589679375524237,"BK68,MN28,BK25",14
BK60,3,High Opportunity,0.6267680711896088,0.0,0.6821387683574991,0.0,0.3301544689140505,148071.0,0.481235467724619,0.6147059059022606,0.9128146004351964,0.5355581029482767,0.0,86,0,0.506631299734748,0.2864721485411141,4.383720930232558,0.14849035892027007,High,0.5532608076028972,"MN40,QN20,QN30",15
BK25,3,High Opportunity,0.5939475108822565,0.0,0.6257412254844954,0.0,0.7935808222320464,148071.0,0.4751740844042518,0.5597496412109622,0.8288870241033208,0.4627808804136669,0.0,4,0,0.0,0.0,1.0,0.2855842660393672,High,0.5449923477545742,"QN35,QN06,MN28",16
BX34,0,Low Demand,0.6476619390684262,0.0,0.5504853100173615,0.0,0.1428493149276943,148071.0,0.4799564788500608,0.6839891320114702,0.0036974686895412,0.2194037681198023,0.0,142,0,0.44902912621359226,0.4830097087378641,2.9014084507042255,0.3277561096264512,High,0.5448101215596053,"BK40,BK27,QN06",17
MN40,3,High Opportunity,0.5977226099707609,0.0,0.677434811401262,0.0,0.4284081736646919,148071.0,0.4661419857443256,0.5814106726183109,0.8354977942409969,0.5689499529111289,0.0,37,0,0.47058823529411764,0.2549019607843137,4.135135135135135,0.15024939419712305,High,0.5401128473882337,"BK60,QN20,BX39",18
QN06,3,High Opportunity,0.602568975247251,0.0,0.5909042461335992,0.0,0.282882213382949,111988.0,0.4538614052441969,0.6170812092048242,0.508836993861475,0.3744838336493323,0.0,4,0,0.0,0.0,1.0,0.2855842660393672,High,0.5345061417602135,"BK25,BK27,QN35",19
QN43,2,Established Hub,0.8884590128779318,0.0666666666666666,0.369441231861477,1.0,0.3239919035174809,148071.0,0.6836153004161374,0.819858780914475,0.3211764136757556,0.5776561540017173,0.2,15,1,0.5714285714285714,0.3469387755102041,3.2666666666666666,0.14797890490292434,High,0.5327558788763485,"QN72,QN37,MN31",20
QN02,3,High Opportunity,0.540151914909483,0.0,0.666870720832752,0.0,0.0434807158126135,113004.0,0.3464217462693595,0.7254417241034161,0.6213358355894789,0.6324520880114238,0.0,46,0,0.5222222222222223,0.4166666666666667,3.9130434782608696,0.23098633053416512,High,0.5290063204037271,"QN18,BK68,BK09",21
QN35,3,High Opportunity,0.5742485350747423,0.0,0.6034438521512003,0.0,0.4210117668321063,148071.0,0.4494605323068043,0.5639270437296819,0.7489349979718536,0.4440921481107097,0.0,4,0,0.0,0.0,1.0,0.2855842660393672,High,0.5281938080982505,"BK25,QN06,MN28",22
BK27,3,High Opportunity,0.6149994810235557,0.0,0.5624179837733725,0.0,0.2642171475404381,148071.0,0.4678971267858967,0.6160075054659508,0.188223629660875,0.2942120977613095,0.0,4,0,0.0,0.0,1.0,0.2855842660393672,High,0.5280838391266447,"QN06,BK40,SI07",23
BK40,0,Low Demand,0.6333881622284144,0.0,0.5385998737707884,0.0,0.059573496946978,148071.0,0.4564978716052034,0.7644938395329591,0.0511055460170781,0.2151019824390422,0.0,4,0,0.0,0.0,1.0,0.2855842660393672,High,0.5259120676075546,"BK27,BX34,SI07",24
QN42,3,High Opportunity,0.621886786396475,0.0,0.5973804214943015,0.0,0.1553694467016536,148071.0,0.4610109272798006,0.6543338799784958,0.4704954438795967,0.3595174012593127,0.0,26,0,0.5161290322580645,0.3548387096774194,3.576923076923077,0.19092569840297502,High,0.5258920228369056,"QN20,BX29,BK60",25
BK61,1,Growing Market,0.6399364948102251,0.0140845070422535,0.5934571665913313,2.0,0.6303988075068098,148071.0,0.5028967911401985,0.6002780244580599,0.2788995335078557,0.5586972186695257,0.4,142,2,0.5069551777434312,0.29984544049459044,4.556338028169014,0.1578259733767904,High,0.5249226592359807,"QN17,BK58,BK42",26
MN28,3,High Opportunity,0.5388187650526586,0.0,0.5953555192353929,0.0,0.286882015304036,148071.0,0.415797965741527,0.5505633901130662,0.7801000582146153,0.4797388452249296,0.0,4,0,0.0,0.0,1.0,0.2855842660393672,High,0.510786566923094,"QN35,BK25,BK09",27
BK42,3,High Opportunity,0.6144385857758119,0.0147058823529411,0.5913672705819222,1.0,1.1577579677268646,148071.0,0.4950549913221728,0.5659741581976725,0.1863567627854886,0.6027791446135429,0.2,136,2,0.5322812051649928,0.25538020086083213,5.125,0.10897533612907248,High,0.5041174097689082,"SI45,BK61,QN17",28
BK21,3,High Opportunity,0.4870325124750719,0.0,0.6932238647202489,0.0,0.0166415098162368,148071.0,0.2594747558771003,0.7310342810006131,0.3403118076261567,0.7691424704486969,0.0,31,0,0.525,0.3,3.870967741935484,0.14576404548349842,High,0.5012553599748281,"MN25,MN17,MN35",29
SI54,3,High Opportunity,0.5707269918239078,0.0,0.6262817992536821,0.0,0.133286147515644,148071.0,0.4173636301612797,0.6190188508048489,0.8864096336766482,0.4987811134689711,0.0,24,0,0.5671641791044776,0.26865671641791045,2.7916666666666665,0.09492956632803114,High,0.49778942969664225,"BX39,QN34,QN53",30
QN34,3,High Opportunity,0.5963235765883945,0.0,0.5828610629714672,0.0,0.2223970588834079,148071.0,0.4502141104803659,0.6097029108352534,0.4655993855692654,0.3664516487894688,0.0,44,0,0.5441860465116279,0.27906976744186046,4.886363636363637,0.11786898411427373,High,0.4952476526467995,"BX39,SI54,QN20",31
QN20,3,High Opportunity,0.5771768175342984,0.0,0.5719070628289232,0.0,0.3177343805482098,148071.0,0.4451291947792474,0.577049592264535,0.4545793903676673,0.3714743659695561,0.0,144,0,0.5294117647058824,0.33206831119544594,3.6597222222222223,0.16569814365765864,High,0.4927731808768204,"BK60,QN42,BX39",32
BX39,3,High Opportunity,0.5817683065141892,0.0,0.5884901760643513,0.0,0.0913886072006096,148071.0,0.4154030934982594,0.6597637239554919,0.5897275111312774,0.40046233948964,0.0,44,0,0.5247524752475248,0.26732673267326734,4.590909090909091,0.12258871996594643,High,0.4926211370246055,"QN34,SI54,QN20",33
SI12,3,High Opportunity,0.5501621392057167,0.0,0.6454757166817603,0.0,0.2005754526425664,148071.0,0.4140256938028098,0.5763463254050701,0.7726346041095832,0.5711517029413883,0.0,20,0,0.5465116279069767,0.11627906976744186,4.3,0.0,High,0.4782551423549908,"QN53,SI54,QN55",34
BK75,3,High Opportunity,0.45418360437763,0.0,0.5893119786924087,0.0,0.3560126747681942,148071.0,0.3640980997144266,0.4757448763097474,0.5220759936008508,0.5936172458013029,0.0,4,0,0.0,0.0,1.0,0.2855842660393672,High,0.47451508643588897,"BK63,MN03,BK37",35
BK46,0,Low Demand,0.3505892741253655,0.0,0.3317899761654013,0.0,0.0846706507567362,148071.0,0.2449059112178931,0.4355414873048981,0.7973259284853398,0.1918965141837619,0.0,4,0,0.0,1.0,1.0,1.0,Low,0.4729517001163068,"BK23,SI08,MN99",36
QN18,3,High Opportunity,0.4920355161695447,0.0,0.5761323900345414,0.0,0.2717833977012576,148071.0,0.3822151721223309,0.5148659011719824,0.6784107806405405,0.5083272124886515,0.0,53,0,0.48878923766816146,0.3811659192825112,4.2075471698113205,0.2281766520046958,High,0.4729024928825736,"QN02,BK37,MN17",37
SI45,3,High Opportunity,0.5893903629889133,0.0188679245283018,0.5214090050893124,1.0,0.1236256972860139,148071.0,0.4297956302471024,0.6418280356463776,0.0126247811573552,0.5583740906424931,0.2,53,1,0.5573770491803278,0.3005464480874317,3.452830188679245,0.1243141162836482,High,0.4691825704880199,"BK42,QN17,BK61",38
QN37,1,Growing Market,0.6942448111886294,0.04,0.4154924710033287,1.0,0.4433759447402829,148071.0,0.5353865356314708,0.6540754125200285,0.05969618539571,0.5241583184436378,0.2,25,1,0.4788732394366197,0.2112676056338028,2.84,0.11348757709616107,High,0.4665924282960155,"MN31,QN43,QN72",39
BK63,3,High Opportunity,0.4687013029883168,0.0,0.551998343148775,0.0,0.2668281521787625,148071.0,0.3659350715955564,0.4966082301359696,0.5966783395155845,0.4911179542321418,0.0,4,0,0.0,0.0,1.0,0.2855842660393672,High,0.46539671166271024,"BK75,QN68,BK17",40
SI11,0,Low Demand,0.5975588201543078,0.0,0.4744967412011857,0.0,0.05561719794995,148071.0,0.4185178815607856,0.7313841201731328,0.2718553220915722,0.1301679851556462,0.0,41,0,0.5214285714285715,0.34285714285714286,3.4146341463414633,0.17879101191000213,High,0.4645804269241979,"BK81,QN42,QN56",41
BK23,0,Low Demand,0.3301135473566187,0.0,0.3265632098075357,0.0,0.0238330919914928,148071.0,0.1590898407633819,0.4571662385462928,0.8596711376699063,0.2113027386863974,0.0,4,0,0.0,1.0,1.0,1.0,Low,0.46267070286566175,"BK46,SI08,MN99",42
QN68,3,High Opportunity,0.4873450732964351,0.0,0.5199517894480593,0.0,0.2874815535974938,148071.0,0.3805962887930265,0.5090316629809658,0.2927439289786028,0.3938241375854523,0.0,4,0,0.0,0.0,1.0,0.2855842660393672,High,0.46003559830567126,"BK17,BK63,BK45",43
QN53,3,High Opportunity,0.543890792734225,0.0,0.5457035621303908,0.0,0.1305957929095849,148071.0,0.3964112315891608,0.5957452360445257,0.3392807616594446,0.3647158561406777,0.0,65,0,0.5590277777777778,0.2604166666666667,4.430769230769231,0.094531250595627,High,0.45474399206497174,"SI54,SI12,BX39",44
QN72,2,Established Hub,0.7125105474039111,0.0434782608695652,0.3407388204415802,3.0,0.4013047500624959,148071.0,0.547144062057814,0.672525917361418,0.3566894337919036,0.3930118372881958,0.6,69,3,0.5225563909774437,0.3157894736842105,3.8550724637681157,0.15869265919539838,High,0.45303827897727617,"QN43,QN37,QN05",45
BK26,0,Low Demand,0.5461158045971203,0.0,0.4367675946598484,0.0,0.0466904039932774,148071.0,0.36342084362372,0.6899842326626324,0.3754450151307215,0.1257108658898554,0.0,4,0,0.0,0.0,1.0,0.2855842660393672,High,0.450270212910661,"BX34,BK45,BK40",46
BK17,3,High Opportunity,0.463509263463585,0.0,0.5027200329762077,0.0,0.2064762536728757,156715.0,0.3564414652794933,0.4996989674983561,0.1728378108148736,0.3922993979545893,0.0,4,0,0.0,0.0,1.0,0.2855842660393672,High,0.4436085717837906,"QN68,BK63,BK45",47
MN17,1,Growing Market,0.4479735480913342,0.0040431266846361,0.5551036322927642,3.0,2.291776638331082,148071.0,0.3920785634713115,0.4361027818162231,0.4167329587394845,0.5963128827420048,0.6,742,3,0.5156537753222836,0.3760589318600368,3.6590296495956873,0.20640634917858744,High,0.4425121419893569,"BK37,BK21,QN18",48
BK45,0,Low Demand,0.4870515209680988,0.0,0.4747411702888704,0.0,0.1772753571397827,148071.0,0.3657455224265403,0.5284414239610034,0.2830458899278967,0.2964577215028039,0.0,4,0,0.0,0.0,1.0,0.2855842660393672,High,0.44183392971066116,"BK17,QN68,BK63",49
MN03,3,High Opportunity,0.4446122823387644,0.0,0.5288881683823418,0.0,0.1460271006384823,163277.0,0.3334303930526317,0.4959216861962559,0.478452410293839,0.4772559088904518,0.0,35,0,0.48717948717948717,0.4188034188034188,3.342857142857143,0.25615135002350947,High,0.4406304502931444,"BK75,BK63,BK37",50
MN35,3,High Opportunity,0.4094004852053962,0.0,0.6010658095103046,0.0,0.1892681202616838,148071.0,0.3157704865333867,0.4595479532927746,0.3307459959401486,0.6862196658727663,0.0,86,0,0.5544871794871795,0.32371794871794873,3.627906976744186,0.14281759659211699,High,0.43275003720470373,"MN25,QN54,BK21",51
BK81,0,Low Demand,0.5516419530819939,0.0,0.4383862148748072,0.0,0.0440033316998264,148071.0,0.366944140659568,0.7042266967791746,0.3662293326838379,0.1209232977930918,0.0,53,0,0.5018450184501845,0.3247232472324723,5.113207547169812,0.17904618814647852,High,0.4318205048120162,"SI11,SI37,QN20",52
MN25,1,Growing Market,0.4338833110990731,0.0043478260869565,0.5444057917662773,1.0,0.9575732809663482,148071.0,0.3711574947058486,0.4380770518568644,0.1367504759811587,0.599383305098977,0.2,230,1,0.5369955156950673,0.3419282511210762,3.878260869565217,0.1676265312198973,High,0.4248409473901196,"MN35,BK21,QN54",53
BK37,1,Growing Market,0.4388290342465439,0.0055555555555555,0.4993522599709464,1.0,0.6079221678647824,148071.0,0.3661747279346683,0.4504641560255976,0.2859342168623273,0.5146266364495876,0.2,180,1,0.5269645608628659,0.41756548536209553,3.6055555555555556,0.2284294603009594,High,0.420958409747188,"MN03,BK75,MN17",54
MN31,1,Growing Market,0.5320177881753684,0.0251572327044025,0.4305866548157118,2.0,0.6051531306737694,148071.0,0.4281684622920735,0.520697359906565,0.5608835285943015,0.5527735179796106,0.4,159,4,0.5114155251141552,0.3302891933028919,4.132075471698113,0.1765666894689864,High,0.4203551150902293,"QN37,QN43,BK83",55
BX26,3,High Opportunity,0.4211783602438567,0.0,0.4841754705253329,0.0,0.0,0.0,0.1425593167100307,0.6795394162781817,0.1005776645324353,0.4156772293792211,0.0,4,0,0.0,0.0,1.0,0.2855842660393672,High,0.41925838551554934,"BK17,MN03,BK63",56
BK83,1,Growing Market,0.6190970742233255,0.05,0.381004162559223,1.0,0.1224750605059226,148071.0,0.4535093452617652,0.6704298079793313,0.0641124834282792,0.7289360402593458,0.2,60,3,0.6039215686274509,0.27450980392156865,4.25,0.07431597359095068,High,0.41490368943120953,"QN37,MN31,QN72",57
MN99,0,Low Demand,0.2069062323168662,0.0,0.3239993384427695,0.0,0.0478822010922049,148071.0,0.1359861775446653,0.3080686155794019,0.525775250725472,0.3905671401890299,0.0,4,0,0.0,1.0,1.0,1.0,Low,0.4123622283038543,"SI08,BK23,BK46",58
QN55,1,Growing Market,0.504439034814834,0.0098039215686274,0.4772566117158857,1.0,0.607394886211532,148071.0,0.4096998561986499,0.4998712746361263,0.2337072048038314,0.4392169433176668,0.2,102,1,0.5474747474747474,0.24242424242424243,4.852941176470588,0.08947041244775582,High,0.41057234110183904,"SI12,BK28,QN53",59
QN05,2,Established Hub,0.6873354742309443,0.0555555555555555,0.2296594947415837,1.0,0.1450219436548971,170338.0,0.5148767377548442,0.7067016836234193,0.1433051645714757,0.3917583686624155,0.2,18,1,0.4827586206896552,0.3620689655172414,3.2222222222222223,0.21860151155931248,High,0.4105182899008738,"QN41,BK19,BK29",60
QN54,3,High Opportunity,0.4142883623681051,0.0,0.5257734844866225,0.0,0.180575046842537,148071.0,0.3173435062396676,0.465352187374758,0.4465254893903397,0.5160036132167658,0.0,52,0,0.5219298245614035,0.32894736842105265,4.384615384615385,0.16851552398554054,High,0.40972784353899916,"MN35,MN25,MN17",61
SI08,0,Low Demand,0.2364028938107476,0.0,0.2845047268072408,0.0,0.028488469419554,148071.0,0.1224192917228324,0.3421374590934541,0.8802265665785557,0.2608811727045429,0.0,4,0,0.0,1.0,1.0,1.0,Low,0.4083630482471954,"MN99,BK23,BK46",62
SI37,0,Low Demand,0.492260113737192,0.0,0.4142505517418533,0.0,0.067979171780002,148071.0,0.3323397257718228,0.5912790902535299,0.4820094992692021,0.1577819822610199,0.0,23,0,0.5633802816901409,0.38028169014084506,3.0869565217391304,0.17722867647879376,High,0.39805000148737685,"BK81,SI11,SI28",63
QN41,1,Growing Market,0.5354803784761076,0.032258064516129,0.3419540701786794,1.0,0.2821792982495822,148071.0,0.4130505204466594,0.5485442890804548,0.3859116943765674,0.4741828380927619,0.2,31,1,0.5348837209302325,0.4186046511627907,4.161290322580645,0.22382989389383598,High,0.395739758240682,"QN05,BK19,BK41",64
BK28,1,Growing Market,0.5263723866008301,0.0136986301369863,0.4231904037380524,1.0,0.246558688505811,148071.0,0.4030749405314785,0.5467778842184863,0.2212477786324014,0.3542641735926695,0.2,146,2,0.5428571428571428,0.21714285714285714,4.794520547945205,0.07452385267152024,High,0.3947298866698571,"QN55,SI05,SI12",65
MN20,1,Growing Market,0.4311761911944355,0.0115606936416184,0.4650317283847622,2.0,0.5372838901502807,148071.0,0.3585866222633515,0.4473943450651035,0.6459652083984585,0.5519439468669889,0.4,173,2,0.5155440414507773,0.3316062176165803,4.46242774566474,0.17472265298280099,High,0.3934276984282393,"MN13,BK64,MN35",66
SI05,0,Low Demand,0.528767753165599,0.0128205128205128,0.3647674818752662,1.0,0.0480212440870798,148071.0,0.3482448841898587,0.6651706317774464,0.1443495196008764,0.2096461527524351,0.2,78,1,0.5272108843537415,0.3129251700680272,3.769230769230769,0.15350661223288503,High,0.38811541646292314,"BK28,QN37,QN55",67
MN11,3,High Opportunity,0.3989419429007211,0.0,0.5245570554963342,0.0,0.274998350816945,120511.0,0.3145181382969469,0.4453224614225549,0.4047991432878084,0.5363916713011532,0.0,111,0,0.5241635687732342,0.21933085501858737,4.846846846846847,0.0886969636107486,High,0.38713899208097186,"BK64,BK35,SI28",68
BK64,1,Growing Market,0.4145176962371758,0.0075187969924812,0.4788426249449633,1.0,0.2598871603745177,148071.0,0.3292724731016667,0.4534827067532631,0.3596053251217416,0.5394446556357623,0.2,133,1,0.5653846153846154,0.32884615384615384,3.9097744360902253,0.13913027313666604,High,0.3851701831001889,"MN11,MN13,MN20",69
MN13,1,Growing Market,0.4089196643031852,0.011070110701107,0.4658898855557746,2.0,0.9291869118778064,148071.0,0.354272503632618,0.4202200896535083,0.6068862950434373,0.5790088558520725,0.4,271,3,0.5311387900355872,0.34430604982206403,4.14760147601476,0.17327599137956134,High,0.38457901821949625,"MN20,BK64,MN35",70
QN21,0,Low Demand,0.3585080544625918,0.0,0.3920124560453933,0.0,0.0983357747569213,148071.0,0.2569014152636371,0.4377131469393804,0.6966996505939703,0.3103011138953598,0.0,23,0,0.3880597014925373,0.5522388059701493,2.9130434782608696,0.41834211032763347,Medium,0.38387662626872077,"MN99,SI08,QN08",71
BK32,0,Low Demand,0.3861768027350923,0.0,0.4539684830323135,0.0,0.1151249413769911,148071.0,0.281553423733452,0.4574149643207169,0.1706422703261199,0.4028310443201571,0.0,55,0,0.5056818181818182,0.4090909090909091,3.2,0.236731614713509,High,0.3834044372496641,"MN09,BX26,MN21",72
BK85,0,Low Demand,0.4072048005284418,0.0,0.4054752383909706,0.0,0.0137396807454601,148071.0,0.1731132632120483,0.6007740195934201,0.657879049328302,0.2663808096881571,0.0,4,0,0.0,0.0,1.0,0.2855842660393672,High,0.38218886877563846,"QN08,MN21,MN09",73
SI28,0,Low Demand,0.4528364579409417,0.0,0.4484397322760159,0.0,0.0847129874499792,148071.0,0.3130091384555125,0.5356096879176087,0.4414607064703166,0.2908808955639236,0.0,31,0,0.5384615384615384,0.25961538461538464,3.3548387096774195,0.1078320013365227,High,0.3820768763540876,"MN11,BK35,BK64",74
MN19,1,Growing Market,0.3855387787736754,0.011204481792717,0.4122609468917024,2.0,0.839662879401482,148071.0,0.3373128118762615,0.404611969604679,0.73195639411333,0.5003011207918933,0.4,357,4,0.4872427983539095,0.47160493827160493,3.403361344537815,0.29383087900934507,High,0.3778860660680201,"MN99,QN21,SI08",75
MN09,0,Low Demand,0.3401515668762906,0.0,0.4470345022145748,0.0,0.4257570201120374,110193.0,0.2871599906076805,0.3886958629723069,0.0482171088146009,0.4568682167785679,0.0,4,0,0.0,0.0,1.0,0.2855842660393672,High,0.3719912808442197,"MN21,QN50,QN08",76
MN23,1,Growing Market,0.415047085821584,0.0164835164835164,0.4175532767781948,2.0,1.1959142097795066,148071.0,0.3621772198070909,0.4207980516730084,0.6962113782775242,0.5554717747534013,0.4,182,3,0.5293255131964809,0.3592375366568915,3.7472527472527473,0.18516644777957458,High,0.3700734345958264,"SI01,QN31,MN27",77
QN08,0,Low Demand,0.3696404068633889,0.0,0.3946117246675522,0.0,0.0572296293190872,148071.0,0.2366588839995186,0.4701054354648551,0.7007307612424095,0.2992257332832365,0.0,26,0,0.4945054945054945,0.5054945054945055,3.5,0.3131429817205109,High,0.3683294489564786,"BK85,MN21,QN21",78
BK19,2,Established Hub,0.6646029857418384,0.0704225352112676,0.1541022795272241,2.0,0.2867226541396172,148071.0,0.5060642565386486,0.6518197574567137,0.703207005228699,0.5101828064918692,0.4,71,5,0.5670498084291188,0.367816091954023,3.676056338028169,0.16584773446845108,High,0.36065165300131524,"BK29,SI36,BK31",79
MN21,0,Low Demand,0.3411198851405583,0.0,0.4046997063750443,0.0,0.2415047408173289,148071.0,0.2799854825619316,0.3958028627012144,0.5256250133439333,0.3638304295517734,0.0,4,0,0.0,0.0,1.0,0.2855842660393672,High,0.35544468981411453,"QN50,MN09,QN08",80
BK35,0,Low Demand,0.3697963868721022,0.0,0.452719852662731,0.0,0.1911908629193918,148071.0,0.290548181783965,0.425840732592719,0.108359155307626,0.4247004338936173,0.0,66,0,0.5306859205776173,0.27075812274368233,4.196969696969697,0.12103768350763816,High,0.3532140325154609,"BK88,QN38,MN11",81
BK29,2,Established Hub,0.5988620593382075,0.05,0.1862936148543928,2.0,0.2127706578824159,148071.0,0.4509926138403465,0.6142779708611124,0.1996525995693379,0.3380599848849664,0.4,80,4,0.5191082802547771,0.34394904458598724,3.925,0.18113626345693665,High,0.3502895223684274,"BK19,SI36,BK31",82
BK41,2,Established Hub,0.810045521048644,0.15,0.0,5.0,0.3467237242156742,148071.0,0.6197643329306723,0.7554305320793655,0.4103175538974086,0.4207718928472904,1.0,60,9,0.5,0.23550724637681159,4.6,0.11655345236598215,High,0.34732889889265406,"BK19,SI36,BK31",83
BX14,0,Low Demand,0.4151187915293519,0.0,0.3534434424550815,0.0,0.043403225113074,148071.0,0.2515762704501969,0.5354829173104974,0.6295786309075072,0.1419464327813402,0.0,22,0,0.4927536231884058,0.3188405797101449,3.1363636363636362,0.18097622578946562,High,0.3436201387516665,"BX41,BX63,BK88",84
MN15,1,Growing Market,0.3663299104154809,0.0102739726027397,0.395710762766796,2.0,0.8090843278473019,148071.0,0.324198608224977,0.3909685648417466,0.7265642203935914,0.477801967286989,0.4,292,3,0.5266781411359724,0.33820998278829606,3.9794520547945207,0.17192984849009044,High,0.33920223897092894,"BK73,BK77,BK76",85
QN50,0,Low Demand,0.2913819460156945,0.0,0.4045084613623467,0.0,0.0363299482323066,148071.0,0.1637785593337348,0.3997573423753587,0.2890563455369347,0.4380236068534776,0.0,4,0,0.0,0.0,1.0,0.2855842660393672,High,0.33547301615909,"MN21,MN09,BK90",86
BK73,1,Growing Market,0.3641554870009492,0.0104529616724738,0.3925655635640229,2.0,0.7743026298592051,148071.0,0.3220302010140266,0.390054529749649,0.7285050321017198,0.4772425624145054,0.4,287,3,0.5579641847313855,0.35626767200754006,3.696864111498258,0.16372617615831134,High,0.33543365545765114,"MN15,BK77,QN63",87
BK96,0,Low Demand,0.3783135513495891,0.0,0.3132174912436585,0.0,0.0215104407760826,148071.0,0.1819535559337121,0.5276570123954578,0.6470649074254666,0.1101311686479517,0.0,4,0,0.0,0.0,1.0,0.2855842660393672,High,0.33372927024517257,"BK72,QN08,QN01",88
BK88,0,Low Demand,0.3648996669839032,0.0,0.4080999382183759,0.0,0.5124614222147995,148071.0,0.3145080881702485,0.3979250930892771,0.5882789429084602,0.3355166747896937,0.0,54,0,0.5619469026548672,0.25663716814159293,4.185185185185185,0.08986198727498311,High,0.3271722395359083,"QN38,BK35,QN29",89
QN60,1,Growing Market,0.4286547569386303,0.04,0.1827954615431418,1.0,0.1154407386019972,148071.0,0.3097584442215906,0.4963175069493008,0.5033938620728938,0.4191365146455383,0.2,25,1,0.4057971014492754,0.5217391304347826,2.76,0.3845876899461254,Medium,0.32149762538193394,"QN98,QN07,QN61",90
MN12,1,Growing Market,0.3653835212820931,0.0203045685279187,0.3452704599669022,1.0,0.7422031377909585,190020.0,0.3262640446022731,0.3877809677775051,0.6043594254829272,0.5372777283878983,0.2,197,4,0.5308483290488432,0.36118251928020567,3.949238578680203,0.185528740577857,High,0.32136734061516953,"BK33,QN31,BK38",91
QN38,0,Low Demand,0.3551943669760434,0.0,0.4188969554669022,0.0,0.1330480505883816,148071.0,0.267790501501163,0.4244935942201243,0.4443233918328561,0.3734324360378618,0.0,30,0,0.5391304347826087,0.17391304347826086,3.8333333333333335,0.04615368848996781,High,0.31886726667517185,"BK88,QN29,BK35",92
BK72,0,Low Demand,0.3392689900890376,0.0,0.3129598014153027,0.0,0.0546336667258249,148071.0,0.2150639296526296,0.4398375508262463,0.7763521417859689,0.1681405352444711,0.0,4,0,0.0,0.0,1.0,0.2855842660393672,High,0.3180083698096096,"BK96,BK90,QN01",93
QN29,1,Growing Market,0.3665224169665069,0.0079365079365079,0.3828416849133647,1.0,0.4681511748112165,148071.0,0.3135681047707401,0.4009630540090608,0.3919222152643437,0.4107150433621906,0.2,126,1,0.5723684210526315,0.2582236842105263,4.825396825396825,0.08396546119216412,High,0.3165387329903815,"QN38,BX63,BK69",94
BK31,2,Established Hub,0.6116607201991346,0.0725806451612903,0.1212721487650576,3.0,1.3309013415955755,148071.0,0.4951261758101377,0.5611713048122429,0.7837570595010174,0.5545413852584448,0.6,124,9,0.5421487603305785,0.26611570247933886,4.879032258064516,0.10998867170318863,High,0.31517088192631465,"SI36,BK44,BK19",95
SI01,1,Growing Market,0.3420640464850997,0.0238095238095238,0.388736735024167,1.0,0.0230884310137349,175756.0,0.1749867780968675,0.4679828730668739,0.2708012816338673,0.7247059661394182,0.2,42,1,0.5529411764705883,0.27647058823529413,4.0476190476190474,0.11010621344034316,High,0.3143415552917754,"MN23,QN31,MN27",96
MN27,1,Growing Market,0.3799449231589432,0.0186915887850467,0.3332070975916867,2.0,0.5800867291983435,148071.0,0.3268038403057358,0.4069639147491485,0.8100612442728994,0.4624552610431252,0.4,214,4,0.5329153605015674,0.29571577847439917,4.47196261682243,0.13736393045441647,High,0.31273359439113524,"QN31,SI22,BK79",97
MN33,0,Low Demand,0.2878420277824282,0.0,0.3779317747994222,0.0,0.2087089532039649,148071.0,0.2424569777688307,0.3555118418410568,0.5218043998446005,0.3858386026322729,0.0,105,0,0.5011185682326622,0.33557046979865773,4.257142857142857,0.18728565017798746,High,0.30376665106833767,"MN36,BK76,QN76",98
BX41,0,Low Demand,0.3933118292675766,0.0,0.272709280955932,0.0,0.0,148071.0,0.0513167019494862,0.6837722339831621,0.5165300006975653,0.0,0.0,46,0,0.4926829268292683,0.32195121951219513,4.456521739130435,0.18324620486943463,High,0.3030576850632904,"BX14,MN01,BX36",99
MN22,2,Established Hub,0.3856762039269121,0.0291777188328912,0.2880606311601535,5.0,1.0581005209567689,148071.0,0.3411125954311098,0.401143565228176,0.0314727867988099,0.5309592147490707,1.0,377,11,0.5160866710439921,0.319763624425476,4.039787798408488,0.16589608088544758,High,0.3026739502119158,"QN71,BK38,BK43",100
QN31,1,Growing Market,0.3702517622472027,0.0238095238095238,0.3169638442439496,2.0,0.8518869728355607,148071.0,0.3276150214211767,0.3930641960429551,0.7652868841865299,0.5271539510266666,0.4,210,5,0.5594965675057209,0.3100686498855835,4.161904761904762,0.129687180990668,High,0.3008236787945945,"MN27,BK79,MN22",101
MN32,1,Growing Market,0.2578426553149389,0.0062111801242236,0.34757009332644,1.0,0.2216380975375626,148071.0,0.2261861241754761,0.3297925956839816,0.3475376201055665,0.4686741503237004,0.2,161,1,0.4829821717990275,0.39222042139384117,3.8322981366459627,0.2399913870024572,High,0.290163376857043,"QN12,MN06,BK90",102
QN63,1,Growing Market,0.322013197563565,0.0095238095238095,0.3259577115644333,1.0,0.1115902483580762,148071.0,0.2399108536399442,0.400197747432441,0.2164789794928003,0.380873512772772,0.2,105,1,0.5404858299595142,0.2874493927125506,4.704761904761905,0.1263515449601365,High,0.28445867264322666,"BK78,BK30,BK77",103
SI36,2,Established Hub,0.6502840485549854,0.0975609756097561,0.0,2.0,0.169484063324246,148071.0,0.485202725804073,0.6730352912108419,0.6642301688260279,0.4191365146455383,0.4,41,4,0.5657894736842105,0.3026315789473684,3.707317073170732,0.12012906642984644,High,0.2841394327079635,"BK44,BK31,QN70",104
QN28,1,Growing Market,0.4324861628149137,0.0358974358974358,0.2366299833349692,3.0,0.5385375053607355,148071.0,0.3594960646977081,0.4483371400598842,0.2174958246517233,0.4614766688613037,0.6,195,7,0.5554484088717454,0.2304725168756027,5.317948717948718,0.07555318434791779,High,0.28275709532953675,"QN71,BK79,MN22",105
BK69,1,Growing Market,0.3490235765997498,0.0131578947368421,0.3235710232154666,1.0,0.2972311479204789,148071.0,0.2910312888802867,0.397198116415354,0.4098497345008292,0.3957627703006124,0.2,76,1,0.5850746268656717,0.24477611940298508,4.407894736842105,0.06578718834879009,High,0.28219527759584456,"SI22,QN29,QN63",106
BX63,0,Low Demand,0.3423095458597251,0.0,0.3191934931456558,0.0,0.0643722329129537,148071.0,0.2258664533903188,0.4371417769970934,0.7871129953619496,0.1770654070746691,0.0,55,0,0.5384615384615384,0.20384615384615384,4.7272727272727275,0.06798958540410276,High,0.2781991326829729,"QN29,BK88,QN38",107
BK38,1,Growing Market,0.3511443962579049,0.0292397660818713,0.2401733442984681,3.0,0.5969595913084431,148071.0,0.308805229095225,0.3846716158070503,0.4039749102536863,0.480193712602286,0.6,342,10,0.5222135619641465,0.36788776305533905,3.7514619883040936,0.1961437561880894,High,0.2757558474601671,"QN07,MN22,BK33",108
BK90,0,Low Demand,0.2297609367246091,0.0,0.3157246848308589,0.0,0.1332053461374005,148071.0,0.1928075011407848,0.3152795804787625,0.6988449656570852,0.3383840473315202,0.0,4,0,0.0,0.0,1.0,0.2855842660393672,High,0.27531110183006063,"QN12,MN32,QN01",109
QN70,2,Established Hub,0.5668110529501426,0.0808080808080808,0.0327294986016601,5.0,2.1775044354180224,148071.0,0.4709658693115031,0.521141352007058,0.4609893924498615,0.567390382723579,1.0,198,16,0.516548463356974,0.31560283687943264,4.2727272727272725,0.16261204134675905,High,0.2723386288900729,"BK44,QN61,SI36",110
MN36,0,Low Demand,0.2387753152449236,0.0,0.3390121107927818,0.0,0.1827478088228931,148071.0,0.2088810125723717,0.3175268619515047,0.5876375321365958,0.3752415136193676,0.0,60,0,0.5541666666666667,0.375,4.0,0.17967050660032038,High,0.26704907173514625,"MN33,BK76,BK50",111
BK44,2,Established Hub,0.607043375039303,0.087719298245614,0.0,2.0,0.3881782667634333,148071.0,0.4706108689426757,0.5923750593350264,0.7135848558827484,0.5086943743564866,0.4,57,5,0.5637860082304527,0.3004115226337449,4.2631578947368425,0.11989448451559866,High,0.2667962469188409,"SI36,QN70,BK31",112
QN98,0,Low Demand,0.2923991084012819,0.0188679245283018,0.1372358411639088,1.0,0.0510287791190792,148071.0,0.1838283906511155,0.3929882276063858,0.3798525070680945,0.1727569705110986,0.2,53,1,0.448,0.648,2.358490566037736,0.44632197887759384,Medium,0.26111837560159507,"QN01,QN60,SI08",113
MN01,0,Low Demand,0.2894035965088334,0.0085470085470085,0.2509526108771998,1.0,0.1326702318528629,60978.0,0.1858826495995143,0.3882776551354664,0.4354065406699594,0.2512450301650055,0.2,117,1,0.538135593220339,0.3644067796610169,4.034188034188034,0.18291649294676932,High,0.2527257815437672,"BK91,MN34,BK34",114
QN12,0,Low Demand,0.2030882804920898,0.0,0.2992707550960764,0.0,0.0111192282007451,227237.0,0.0822760517360843,0.3041431604729359,0.6625272075709018,0.3427972948212011,0.0,30,0,0.5217391304347826,0.44565217391304346,3.066666666666667,0.2520199082295909,High,0.2513475958811847,"MN32,BK90,MN06",115
QN61,2,Established Hub,0.5158085822314181,0.078125,0.0,2.0,0.8419781368719211,148071.0,0.4233744099173214,0.5008086118404347,0.6373773525406794,0.5250065695125966,0.4,128,10,0.5073891625615764,0.2939244663382594,4.7578125,0.1533031867025507,High,0.2369840702330774,"QN70,BK44,BK43",116
MN24,1,Growing Market,0.2241396649120416,0.0118110236220472,0.2869192781843556,4.0,0.3868108108451336,148071.0,0.2200825644853251,0.2942812952942362,0.3037213803829703,0.4813499482537915,0.8,508,6,0.5262390670553936,0.31924198250728864,4.051181102362205,0.15867499324613826,High,0.23615857588778655,"BK91,BK77,QN76",117
QN15,1,Growing Market,0.4207338084716164,0.04,0.0852595947214356,1.0,0.0307529502999256,148071.0,0.2350068437495307,0.5653459846781551,0.0657571871819417,0.2200129612903872,0.2,25,1,0.5340909090909091,0.3181818181818182,3.52,0.1526210425382968,High,0.23292156978488016,"QN71,QN61,MN22",118
BK77,1,Growing Market,0.2207498465800613,0.008,0.3016072142933984,1.0,0.1749600127306175,148071.0,0.1969850723014911,0.3032990772199503,0.2718626449557308,0.4546928761984773,0.2,125,1,0.5817805383022774,0.31262939958592134,3.864,0.11648470559629792,High,0.23223976546864347,"BK76,QN76,BK78",119
QN71,1,Growing Market,0.4141991646197285,0.0425531914893617,0.1023422058861418,2.0,0.1937400917260795,148071.0,0.3197104563509079,0.4627900375904035,0.3086503280940421,0.3093239182775564,0.4,47,2,0.5490196078431373,0.2549019607843137,4.340425531914893,0.09734258698979399,High,0.22608506560030692,"QN15,MN22,QN28",120
BK79,1,Growing Market,0.3659609665263121,0.03125,0.1896257466028322,1.0,0.0590546845352951,148071.0,0.2360280582725556,0.4648811889638081,0.4825308781566723,0.382120217235826,0.2,32,1,0.5714285714285714,0.16428571428571428,4.375,0.017488684108074092,High,0.22573242207327254,"QN31,MN27,QN28",121
SI22,1,Growing Market,0.2994856626396924,0.0169491525423728,0.236642507010598,1.0,0.0480443158178149,148071.0,0.1844502740505839,0.401877533602316,0.1310585786114027,0.3451997897308242,0.2,59,1,0.6303317535545023,0.2559241706161137,3.5762711864406778,0.04322280306328186,High,0.22309582847277254,"MN27,BK69,BK78",122
BK78,1,Growing Market,0.2481231802967145,0.0111111111111111,0.2590752771496885,1.0,0.1670643463169064,148071.0,0.2114049120961292,0.3268902143912134,0.0595535103489158,0.3734729304713303,0.2,90,1,0.5528846153846154,0.2548076923076923,4.622222222222222,0.09466805369401798,High,0.2218129937173648,"QN63,BK30,BX36",123
BK33,1,Growing Market,0.2494309293806738,0.0263157894736842,0.1845548023274421,1.0,0.2147255273758393,148071.0,0.2202015660834272,0.3234981235628806,0.5018485654993842,0.4637081641125359,0.2,76,2,0.5016835016835017,0.3468013468013468,3.9078947368421053,0.19492808289398628,High,0.21257990926204362,"MN04,BK38,BK34",124
BK43,2,Established Hub,0.4523193074559754,0.0967741935483871,0.0,2.0,0.5547025279284541,148071.0,0.3731791215095715,0.4627086157874989,0.5278313318240127,0.3504045347806022,0.4,62,6,0.5348837209302325,0.23920265780730898,4.854838709677419,0.09566228713677896,High,0.20006018040974594,"QN61,QN70,BK44",125
BK76,0,Low Demand,0.1370225663005095,0.0,0.287586417093027,0.0,0.1602881130928516,148071.0,0.147356252323977,0.2352296375826184,0.4157246940195419,0.4166184626169245,0.0,137,0,0.5756929637526652,0.302771855010661,3.423357664233577,0.113548765849985,High,0.19255334652741163,"QN76,BK77,BK50",126
QN01,0,Low Demand,0.110913743798159,0.0,0.1732896816706282,0.0,0.0024218039581247,191105.0,0.0173640406988232,0.1768202025507337,0.6707775056454908,0.208516964872954,0.0,91,0,0.4354066985645933,0.5406698564593302,2.2967032967032965,0.37813859558600843,Medium,0.18930908930471657,"QN57,BK90,QN19",127
QN76,0,Low Demand,0.1288099591892324,0.0,0.2395257841892034,0.0,0.0277338779705864,148071.0,0.0779588091353836,0.2315872082024542,0.6106578678576656,0.3249650293087837,0.0,9,0,0.5,0.23333333333333334,3.3333333333333335,0.11500037468345904,High,0.17033437228806614,"BK76,BK50,MN34",128
BK50,0,Low Demand,0.1274886488790974,0.0,0.2165973952365812,0.0,0.0076728815905882,148071.0,0.0340433076171043,0.2093874076792087,0.6725517801090527,0.2773446862120807,0.0,59,0,0.5102880658436214,0.3004115226337449,4.11864406779661,0.15598215239467184,High,0.1688308481252058,"MN34,BK91,QN76",129
BK82,0,Low Demand,0.1011139019524921,0.0,0.1859695325635456,0.0,0.0223819991760709,148071.0,0.0605823856066727,0.2029476973637932,0.6498682237911558,0.2506477816858121,0.0,90,0,0.4921052631578947,0.40789473684210525,4.222222222222222,0.2450352757231142,High,0.16384042895103793,"MN06,QN03,BK95",130
MN34,0,Low Demand,0.1222621286298154,0.0,0.1967664466119431,0.0,0.067951212114748,148071.0,0.1114488340480536,0.2281543780771065,0.6857406694976229,0.2422830296474047,0.0,33,0,0.5182481751824818,0.30656934306569344,4.151515151515151,0.15501181057887073,High,0.15861379221247754,"BK50,BK91,QN76",131
QN19,0,Low Demand,0.1048901410881532,0.0,0.1308364619529944,0.0,0.0,148071.0,0.0074975035592527,0.1516571017559279,0.6218462770618481,0.1257108658898554,0.0,4,0,0.0,0.0,1.0,0.2855842660393672,High,0.1514074944243325,"QN62,SI24,BK95",132
QN57,0,Low Demand,0.0938740349424114,0.0,0.1252585404092858,0.0,0.0,148071.0,0.006999423503975,0.1423041014091059,0.614307523079747,0.1301679851556462,0.0,26,0,0.4823529411764706,0.49411764705882355,3.269230769230769,0.3132128232007241,High,0.15029559478082372,"QN19,QN62,SI24",133
QN62,0,Low Demand,0.0938740349424114,0.0,0.1252585404092858,0.0,0.0,148071.0,0.006999423503975,0.1423041014091059,0.614307523079747,0.1301679851556462,0.0,4,0,0.0,0.0,1.0,0.2855842660393672,High,0.14476988334855231,"QN19,SI24,BK95",134
MN06,0,Low Demand,0.035002959959577,0.0,0.1759860872163252,0.0,0.0221834689228026,147748.0,0.0417144824258618,0.1440336596060002,0.4911297396554665,0.3282164305388995,0.0,4,0,0.0,0.0,1.0,0.2855842660393672,High,0.1415124720782343,"BK82,QN03,SI24",135
QN07,1,Growing Market,0.2342514904244628,0.0555555555555555,0.0,1.0,0.0200446505149811,248326.0,0.1305268180574129,0.3386670743952664,0.2990552568439049,0.39816254093198,0.2,18,1,0.4406779661016949,0.3220338983050847,3.2777777777777777,0.21838583139567996,High,0.13737776244892114,"BK38,MN22,BK33",136
BK30,0,Low Demand,0.1605504668771648,0.0,0.1593816735374079,0.0,0.0,148071.0,0.0104807417937856,0.2056717652757185,0.6491162739957583,0.1039738826925153,0.0,34,0,0.5911949685534591,0.1949685534591195,4.676470588235294,0.02607533091229675,High,0.13318792234828844,"BX36,QN63,BK78",137
SI24,0,Low Demand,0.065740794922141,0.0,0.1171888799982157,0.0,0.0041475035624801,148071.0,0.0156956984651379,0.1413227449603534,0.5982333062318994,0.1549102825754909,0.0,4,0,0.0,0.0,1.0,0.2855842660393672,High,0.1302887231760161,"BK95,QN03,QN62",138
QN03,0,Low Demand,0.0412885852060072,0.0,0.1104756168351234,0.0,0.0077519457624568,171414.0,0.0230905896384753,0.1342722670933255,0.5772179765533108,0.1770654070746691,0.0,4,0,0.0,0.0,1.0,0.2855842660393672,High,0.11782253402432569,"BK95,SI24,QN62",139
BK95,0,Low Demand,0.0431999466719988,0.0,0.1001706193185368,0.0,0.0,148071.0,0.0050046024501449,0.1038494980533953,0.5731848133255754,0.1519049683529863,0.0,4,0,0.0,0.0,1.0,0.2855842660393672,High,0.1144650796040877,"SI24,QN03,QN62",140
BX36,0,Low Demand,0.1169077114289625,0.0,0.136956017189436,0.0,0.0,148071.0,0.0080719008806711,0.1623223599317081,0.6293540769350807,0.1209232977930918,0.0,48,0,0.5473251028806584,0.19753086419753085,5.0625,0.05749882121748325,High,0.11304525569085606,"BK30,QN76,BK91",141
BK91,0,Low Demand,0.0236173085954207,0.0,0.1149795170955357,0.0,0.004879415955859,148071.0,0.0131978770735758,0.1105392196411277,0.5567104255373876,0.2133158696471525,0.0,49,0,0.5065502183406113,0.24017467248908297,4.673469387755102,0.11546940799655148,High,0.07853261187569285,"MN34,BK50,QN76",142
MN04,0,Low Demand,0.0319760400657731,0.0192307692307692,0.0201152545539048,1.0,0.1458813973196934,101256.0,0.0816508961506506,0.1510172626688476,0.1730099415057505,0.3160652527959751,0.2,52,1,0.4852941176470588,0.2549019607843137,3.923076923076923,0.14032936784574884,High,0.048902391417020935,"BK34,MN01,MN24",143
BK34,1,Growing Market,0.0,0.0171428571428571,0.0,2.0,0.0182533743295727,148071.0,0.0289851960842362,0.1125346062219869,0.0211799824737309,0.2773435105810223,0.4,175,3,0.5723771580345286,0.31739707835325365,4.3028571428571425,0.12623397136541825,High,0.025246794273083652,"MN04,MN01,MN24",144
